Marcio da Silva Gomes,cxcxc,bvcbvcbvcbvcb
Marcio da Silva Gomes,,vcvcvc
cvxvcv,vcvcv,vcvcv
cxcx,cxcxcx,cxcxc
Marcio da Silva Gomes,marciodasilva_94@yahoo.com.br,nbnbnbn
Marcio da Silva Gomes,marciodasilva_94@yahoo.com.br,nbnbnbn
Marcio da Silva Gomes,marciodasilva_94@yahoo.com.br,nbnbnbn
Marcio da Silva Gomes,marciodasilva_94@yahoo.com.br,nbnbnbn
Marcio da Silva Gomes,marciodasilva_94@yahoo.com.br,nbnbnbn
Marcio da Silva Gomes,marciodasilva_94@yahoo.com.br,nbnbnbn
Marcio da Silva Gomes,marciodasilva_94@yahoo.com.br,nbnbnbn
Marcio da Silva Gomes,marciodasilva_94@yahoo.com.br,nbnbnbn
Marcio da Silva Gomes,marciodasilva_94@yahoo.com.br,nbnbnbn
Marcio da Silva Gomes,marciodasilva_94@yahoo.com.br,nbnbnbn
Marcio da Silva Gomes,marciodasilva_94@yahoo.com.br,nbnbnbn
Marcio da Silva Gomes,marciodasilva_94@yahoo.com.br,nbnbnbn
Marcio da Silva Gomes,marciodasilva_94@yahoo.com.br,nbnbnbn
Marcio da Silva Gomes,marciodasilva_94@yahoo.com.br,nbnbnbn
Marcio da Silva Gomes,marciodasilva_94@yahoo.com.br,nbnbnbn
Marcio da Silva Gomes,marciodasilva_94@yahoo.com.br,nbnbnbn
Marcio da Silva Gomes,marciodasilva_94@yahoo.com.br,nbnbnbn
Marcio da Silva Gomes,marciodasilva_94@yahoo.com.br,nbnbnbn
Marcio da Silva Gomes,marciodasilva_94@yahoo.com.br,nbnbnbn
Marcio da Silva Gomes,marciodasilva_94@yahoo.com.br,nbnbnbn
Marcio da Silva Gomes,marciodasilva_94@yahoo.com.br,nbnbnbn
Marcio da Silva Gomes,marciodasilva_94@yahoo.com.br,nbnbnbn
Marcio da Silva Gomes,marciodasilva_94@yahoo.com.br,gfgfg
Marcio da Silva Gomes,marciodasilva_94@yahoo.com.br,gfgfg
Marcio da Silva Gomes,marciodasilva_94@yahoo.com.br,gfgfg
Marcio da Silva Gomes,marciodasilva_94@yahoo.com.br,gfgfg
Marcio da Silva Gomes,marciodasilva_94@yahoo.com.br,gfgfg
Marcio da Silva Gomes,marciodasilva_94@yahoo.com.br,gfgfg
Marcio da Silva Gomes,marciodasilva_94@yahoo.com.br,gfgfg
Marcio da Silva Gomes,marciodasilva_94@yahoo.com.br,gfgfg
Marcio da Silva Gomes,marciodasilva_94@yahoo.com.br,gfgfg
Marcio da Silva Gomes,marciodasilva_94@yahoo.com.br,gfgfg
Marcio da Silva Gomes,marciodasilva_94@yahoo.com.br,gfgfg
Marcio da Silva Gomes,marciodasilva_94@yahoo.com.br,gfgfg
Marcio da Silva Gomes,marciodasilva_94@yahoo.com.br,gfgfg
Marcio da Silva Gomes,marciodasilva_94@yahoo.com.br,gfgfg
Marcio da Silva Gomes,marciodasilva_94@yahoo.com.br,gfgfg
Marcio da Silva Gomes,marciodasilva_94@yahoo.com.br,gfgfg
Marcio da Silva Gomes,marciodasilva_94@yahoo.com.br,gfgfg
Marcio da Silva Gomes,marciodasilva_94@yahoo.com.br,gfgfg
Marcio da Silva Gomes,marciodasilva_94@yahoo.com.br,gfgfg
Marcio da Silva Gomes,marciodasilva_94@yahoo.com.br,vvcvcvcvc
Marcio da Silva Gomes,marciodasilva_94@yahoo.com.br,vvdv
Marcio da Silva Gomes,marciodasilva_94@yahoo.com.br,vvdv
vcvcvcv,marciodasilva_94@yahoo.com.br,vcvcvcv
Marcio da Silva Gomes,marciodasilva_94@yahoo.com.br,gfdg
